{"time ms": 311.55333333333334, "MSE": 1433386.6507042253, "JACCARD": 25478.647887323943, "model size": "25.09 MB"}